title,category,address,city,neighborhood,latitude,longitude,rating,reviews_count,phone,permanently_closed,scraped_at
Mojid Homio Pharmacy,Homeopathic pharmacy,"Daulatpur, Bangladesh",Daulatpur,Daulatpur,22.877175,89.5210981,4.8,8.0,+880 1922-306154,False,2026-01-11T16:14:26.669Z
Sarkar Pharmacy,Pharmacy,"VG8F+W43, Sheikh Ayub Ali Road, Pabla, Khulna 9202, Bangladesh",Khulna,Daulatpur,22.8672651,89.5227852,,,+880 1923-328244,False,2026-01-11T16:14:31.055Z
M/S Fatema Pharmacy,Pharmacy,"VG9G+4MM, Jessore Khulna Rd, Khulna 9202, Bangladesh",Khulna,Daulatpur,22.8678477,89.5266739,3.0,1.0,+880 1721-760686,False,2026-01-11T16:14:37.784Z
Binapani Pharmacy,Pharmacy,"VFR9+MJ5, Rangpur Gazitala bajar, Khulna, Bangladesh",Khulna,,22.8916495,89.46912,5.0,1.0,+880 1710-384023,False,2026-01-11T16:14:37.950Z
তেতুল তলার মোড়,Garden,"Khulna, Bangladesh",Khulna,Daulatpur,22.8769363,89.5117203,4.5,19.0,+880 1929-084595,False,2026-01-11T16:14:27.716Z
Aymaan Pharmacy,Pharmacy,"Khulna - Jessore - Dhaka Hwy, Khulna 9202, Bangladesh",Khulna,Daulatpur,22.8702474,89.5255402,5.0,6.0,+880 1913-701926,False,2026-01-11T16:14:42.589Z
Golokdham,Pharmacy,"VGR2+45X, Khulna, Bangladesh",,,22.8903597,89.5004766,,,,False,2026-01-11T16:14:44.665Z
Shikder Pharmacy,Pharmacy,"VG9G+X84, Khulna, Bangladesh",Khulna,Daulatpur,22.8698951,89.5258206,5.0,3.0,+880 1924-202289,False,2026-01-11T16:14:41.701Z
M/S Gazi Pharmacy,Pharmacy,"WG73+R9Q, Khulna, Bangladesh",Khulna,Gilatala,22.9145955,89.5035255,5.0,1.0,,False,2026-01-11T16:14:49.373Z
M/S K H Pharmacy,Pharmacy,"VG7F+V5W, Khulna, Bangladesh",Khulna,Daulatpur,22.8647359,89.5229384,5.0,1.0,,False,2026-01-11T16:14:49.127Z
Shuboha Homeo Hall,Homeopathic pharmacy,"VGH6+FXW, Islam Bag, Gilatala Paul Para Rd, Khulna 9202, Bangladesh",Khulna,Daulatpur,22.878731,89.5124582,1.0,1.0,+880 1915-723020,False,2026-01-11T16:14:49.616Z
Islam Pharmacy,Pharmacy,"VGM9+82F, Kadarnath Rd, Khulna, Bangladesh",Khulna,Maniktala,22.8833151,89.5175625,4.7,3.0,,False,2026-01-11T16:14:53.086Z
Ma Pharmacy,Pharmacy,"VGM5+H8X, Kedarnath Rd, Khulna, Bangladesh",Khulna,Daulatpur,22.8839816,89.5083692,,,,False,2026-01-11T16:14:53.927Z
Bolaka Pharmacy,Pharmacy,"Khulna - Jessore - Dhaka Hwy, Khulna 9202, Bangladesh",Khulna,Daulatpur,22.8698954,89.5258214,4.4,7.0,+880 1711-394215,False,2026-01-11T16:14:47.992Z
Germany Pharmacy,Pharmacy,"VGM5+RC6, Kedarnath Rd, Khulna, Bangladesh",Khulna,Daulatpur,22.8845476,89.508501,4.0,4.0,,False,2026-01-11T16:14:57.565Z
Pintu Pharmacy,Pharmacy,"VGM5+J9C, Kedarnath Rd, Khulna, Bangladesh",Khulna,Daulatpur,22.8840632,89.5083886,4.0,5.0,,False,2026-01-11T16:14:59.190Z
New Bismillah Pharma,Pharmacy,"VG9G+VGM, Launch Ghat Rd, Khulna, Bangladesh",Khulna,Daulatpur,22.8697093,89.5262952,4.2,9.0,+880 1727-315405,False,2026-01-11T16:14:50.211Z
Square Medicine Corner,Pharmacy,"Kalibari Kedarnath Rd, Khulna 9000, Bangladesh",Khulna,Daulatpur,22.8840378,89.5084018,,,+880 1734-157273,False,2026-01-11T16:14:56.346Z
M pasa Golokdham,Pharmacy,"VGH2+X2X, Khulna, Bangladesh",,,22.88,89.5,,,,False,2026-01-11T16:15:01.035Z
Ujjol Pharmacy,Pharmacy,"VGC3+X93, Opposirte of Fari, Satkhira Rd, Khulna 9202, Bangladesh",Khulna,,22.8723795,89.5034112,3.0,1.0,+880 1718-774469,False,2026-01-11T16:15:02.402Z
FHH Playground,Playground,"VGX2+FM2 KUET, Khulna 9203, Bangladesh",Khulna,Teligati,22.8986333,89.5016355,4.0,1.0,,False,2026-01-11T16:15:02.477Z
College Playground,Playground,"VG8F+FR4, Khulna, Bangladesh",Khulna,Daulatpur,22.8661366,89.5245892,4.5,2.0,,False,2026-01-11T16:15:06.286Z
KUET Central Playground,Playground,"Khulna University of Engineering & Technology, KUET, Khulna, Bangladesh",Khulna,Teligati,22.9005524,89.5023565,5.0,4.0,,False,2026-01-11T16:15:03.483Z
College Playground,Playground,"VFXX+5MH, KUET Rd, Khulna, Bangladesh",Khulna,Teligati,22.8979279,89.4992433,,,,False,2026-01-11T16:15:07.347Z
Mohsin School Playground,Playground,"Daulatpur Mahshin High School Playground, Khan Rd, Khulna 9202, Bangladesh",Khulna,Daulatpur,22.872446,89.5226285,,,,False,2026-01-11T16:15:10.473Z
B. L. College Playground,Playground,"VG8H+XV6 BL College, B.L. College Rd, Khulna 9202, Bangladesh",Khulna,Daulatpur,22.8674199,89.5296505,4.6,12.0,,False,2026-01-11T16:15:05.033Z
KUET Central Playground,Playground,"VGX3+RJ7, Khulna 9203, Bangladesh",Khulna,Teligati,22.8995254,89.50404,5.0,1.0,,False,2026-01-11T16:15:12.205Z
মা মেডিসিন কর্ণার,Veterinary pharmacy,"VGC3+QPM, Satkhira Rd, Khulna, Bangladesh",Khulna,Daulatpur,22.8719496,89.5042958,5.0,10.0,+880 1757-136793,False,2026-01-11T16:15:04.598Z
Funland,Indoor playground,"Mortoja Mantion, Khulna - Jessore - Dhaka Hwy, Khulna, Bangladesh",Khulna,Daulatpur,22.8702935,89.5251491,4.0,2.0,,False,2026-01-11T16:15:06.124Z
Dauder Math,Playground,"Khulna, Bangladesh",Khulna,Mirerdanga,22.8935097,89.5154757,5.0,1.0,,False,2026-01-11T16:15:15.801Z
KDA Playground,Playground,"VGF9+3XC, Daulatpur, Bangladesh",Daulatpur,Daulatpur,22.872299,89.5200491,,,,False,2026-01-11T16:15:15.867Z
Teligati School Playground,Playground,"VFVV+X9H, KUET Rd, Khulna, Bangladesh",Khulna,Teligati,22.8948452,89.4935159,4.5,6.0,,False,2026-01-11T16:15:11.543Z
বাদাম তলা,Playground,"VGJ6+W3M, Khulna, Bangladesh",Khulna,Daulatpur,22.8823402,89.5101824,5.0,3.0,,False,2026-01-11T16:15:19.080Z
Mohasin School PlayGround,Playground,"VGFF+65P, Mohsin Mor Bus Stop, Khulna - Jessore - Dhaka Hwy, Khulna 9202, Bangladesh",Khulna,Daulatpur,22.8730753,89.5229671,5.0,1.0,,False,2026-01-11T16:15:15.930Z
Mollapara Field,Playground,"Khulna 9202, Bangladesh",Khulna,Daulatpur,22.8674375,89.5128125,3.5,2.0,,False,2026-01-11T16:15:18.947Z
School Playground,Playground,"1 Satkhira Rd, Khulna 9202, Bangladesh",Khulna,Daulatpur,22.8711764,89.502293,5.0,1.0,,False,2026-01-11T16:15:22.304Z
Saradanga Playground,Playground,"Khulna, Bangladesh",Khulna,Daulatpur,22.8814802,89.5086147,,,,False,2026-01-11T16:15:22.470Z
গণবাংলা সেবক সংঘ খেলার মাঠ,Playground,"VGG4+63C, Khulna, Bangladesh",Khulna,Arongghata,22.8755609,89.5051446,5.0,1.0,,False,2026-01-11T16:15:22.662Z
Deana Azizul Memorial Club Play Ground,Playground,"VG67+4GR, Khulna, Bangladesh",Khulna,Daulatpur,22.8603527,89.5137782,3.4,5.0,,False,2026-01-11T16:15:11.604Z
ফুলবাড়ী গেট নদীর পাড়,Garden,"VGX9+249, Khulna, Bangladesh",Khulna,Mirerdanga,22.8975263,89.5178515,4.5,4.0,,False,2026-01-11T16:15:29.707Z
Beer Bangali,Sculpture,"VG7H+2WW, Khulna, Bangladesh",,,22.8626071,89.5298185,4.0,3.0,,False,2026-01-11T16:15:32.374Z
P for Pasta,Fast food restaurant,"VFCV+528, Bangladesh",,Arongghata,22.8704195,89.492569,5.0,3.0,,False,2026-01-11T16:15:31.514Z
Deana South Para Eidgah Moydan,Playground,"VG67+4QV, Unnamed Road, Khulna, Bangladesh",Khulna,Daulatpur,22.8603747,89.5144273,4.4,7.0,+880 1925-370016,False,2026-01-11T16:15:19.518Z
PIKU,Apartment building,"VGF4+2WX, Khulna, Bangladesh",,,22.8723975,89.5072138,,,,False,2026-01-11T16:15:36.214Z
Maiudkhāli Nadi,River,Bangladesh,,,22.9277595,89.5152817,5.0,1.0,,False,2026-01-11T16:15:31.361Z
Bhairab River View Point B L College,Park,"VG9H+MPH, Khulna, Bangladesh",Khulna,,22.8691934,89.5293474,4.2,6.0,,False,2026-01-11T16:15:30.663Z
Advocate's House,Legal services,"VGF4+3X2, Khulna, Bangladesh",,,22.8726193,89.5073712,5.0,1.0,,False,2026-01-11T16:15:38.835Z
Advocate R. K. Hazra,Legal services,"40, 2 Pabla Mazumder para, Khulna 9202, Bangladesh",Khulna,Daulatpur,22.8717051,89.510139,,,+880 1712-083280,False,2026-01-11T16:15:39.401Z
Freedom Fighters Statue,Sculpture,"VG9H+C9Q, Khulna, Bangladesh",,,22.8685938,89.5284938,5.0,4.0,,False,2026-01-11T16:15:35.445Z
খুলনা ম্যারেজ মিডিয়া অফিসিয়াল,Bangladeshi restaurant,"Khulna 9202, Bangladesh",Khulna,Daulatpur,22.8717051,89.510139,,,+880 1712-568476,False,2026-01-11T16:15:40.532Z
সপ্নের নীর,Apartment building,"VGF2+Q7F, Khulna, Bangladesh",,,22.875566,89.501111,,,,False,2026-01-11T16:15:39.867Z
মহেশ্বরপাশা কালীবাড়ি মাঠ,Playground,"VGJ5+HCX, Khulna, Bangladesh",Khulna,Daulatpur,22.8814895,89.5086217,4.8,4.0,,False,2026-01-11T16:15:29.785Z
Bypass Cafe,Cafe,"VFGV+42V, Khulna, Bangladesh",Khulna,Arongghata,22.8746683,89.491285,,,,False,2026-01-11T16:15:41.386Z
আলমগীর টি স্টল,Coffee shop,"VG92+QPF, Khulna, Bangladesh",Khulna,Daulatpur,22.8694418,89.5018072,5.0,2.0,,False,2026-01-11T16:15:46.872Z
RafsVille,Restaurant,"VFCX+P7G, Satkhira Rd, Khulna, Bangladesh",Khulna,Arongghata,22.8718079,89.4982178,5.0,5.0,,False,2026-01-11T16:15:47.254Z
Durbar Bangla,Sculpture,"Khulna, Bangladesh",Khulna,Teligati,22.8991237,89.5023462,4.7,50.0,,False,2026-01-11T16:15:40.852Z
Shalua River,River,Bangladesh,,,22.8689244,89.478364,4.3,30.0,,False,2026-01-11T16:15:47.909Z
বউ শাশুড়ীর হেঁসেল,Restaurant,"Farukia mosjid, Cross Rd, Khulna 9000, Bangladesh",Khulna,boyra,22.8780372,89.5124931,,,+880 1985-482254,False,2026-01-11T16:15:46.709Z
সুশীল ভলকানাইজিং,Used tire shop,"VFFV+7HX, Khulna City Bypass, Khulna, Bangladesh",Khulna,Daulatpur,22.8732282,89.4939765,5.0,1.0,,False,2026-01-11T16:15:48.061Z
Shaheen Art Press- Printing Press,Print shop,"VGFF+H79 Shaheen Art Pres, Khulna, Bangladesh",Khulna,Daulatpur,22.8739215,89.5232337,5.0,3.0,+880 1711-329212,False,2026-01-11T16:15:50.822Z
Bismillah Restaurant and Tea Stall,Restaurant,"Khulna 9202, Bangladesh",Khulna,Arongghata,22.8655487,89.4983795,4.5,21.0,+880 1787-042353,False,2026-01-11T16:15:51.330Z
khulnarkantho,Newspaper publisher,"VGP4+392, Kalibari Rd, Khulna, Bangladesh",Khulna,Kalibari,22.8851307,89.5058942,5.0,3.0,+880 1785-797875,False,2026-01-11T16:15:53.511Z
ChakrirKhoborBD,Newspaper publisher,"Amader Kutir,205/3, Maheshwar Pasha Munsipara, Khulna 9203, Bangladesh",Khulna,Daulatpur,22.8841697,89.5048975,3.7,12.0,+880 1703-852369,False,2026-01-11T16:15:52.902Z
MOLLAH COMPUTER & PHOTOSTAT,Publisher,"মৌচাক টাওয়ার, Khulna 9202, Bangladesh",Khulna,Daulatpur,22.8717051,89.510139,,,+880 1785-931319,False,2026-01-11T16:15:53.280Z
Hotel Al-Jamil,Restaurant,"VFCR+9WW, Khulna City Bypass, Khulna, Bangladesh",Khulna,Arongghata,22.870991,89.4923403,4.4,714.0,+880 1790-013666,False,2026-01-11T16:15:45.007Z
Aakash coffee house,Coffee shop,"Arongghata High School, Satkhira Rd, Khulna, Bangladesh",Khulna,Daulatpur,22.8711252,89.5023613,5.0,1.0,,False,2026-01-11T16:16:00.074Z
Jagannath Veg Restaurant,Vegetarian restaurant,"Pabla, Bonik Para Rd, Khulna 9100, Bangladesh",Khulna,Daulatpur,22.8676492,89.5215932,3.9,7.0,+880 1919-839789,False,2026-01-11T16:15:48.573Z
BG Coffee House,Coffee shop,"VGH6+6XX Sitala Mondir, Khulna, Bangladesh",Khulna,Daulatpur,22.8781031,89.5124894,,,,False,2026-01-11T16:16:00.043Z
Mitun coffee house,Coffee shop,"VG82+RFV, Unnamed Road, Khulna, Bangladesh",Khulna,Arongghata,22.8671175,89.5011794,5.0,2.0,,False,2026-01-11T16:16:02.341Z
"Department Of Urban and Regional Planning, KUET",Academic department,"KUET, Khulna 9203, Bangladesh",Khulna,Teligati,22.8997309,89.5011681,4.5,6.0,+880 41-769468,False,2026-01-11T16:16:00.253Z
মাহিম রেস্টুরেন্টে,Restaurant,"VGH4+9FF, Arongghata Road, Khulna, Bangladesh",Khulna,Arongghata,22.8784318,89.50617,3.0,2.0,,False,2026-01-11T16:15:51.319Z
Building no. 8,Apartment building,"WG32+F4H, Khulna, Bangladesh",,,22.9031347,89.5003548,,,,False,2026-01-11T16:16:01.687Z
CAER ADDA,Coffee shop,"VG82+RH8, Khulna, Bangladesh",Khulna,Daulatpur,22.8670366,89.5014579,3.9,9.0,+880 1952-123435,False,2026-01-11T16:15:59.635Z
"অঞ্জন বিশ্বাস, মৎস্য অফিসার",Apartment building,"VF6V+3PC, Lata, Bangladesh",,,22.8590663,89.4946262,5.0,1.0,,False,2026-01-11T16:16:03.631Z
CupPirich Restaurant,Restaurant,"B10 Mojid Sharoni, Molla Bari, Khulna 9100, Bangladesh",Khulna,Mor,22.8819355,89.5080614,4.3,94.0,+880 1842-300400,False,2026-01-11T16:15:51.405Z
1no. Building,Apartment building,"WG22+VCH, Khulna, Bangladesh",,,22.9021784,89.5011088,,,,False,2026-01-11T16:16:03.660Z
Teachers and Officers Residential Building,Apartment building,"WG33+H43, Khulna, Bangladesh",,,22.9040501,89.502014,5.0,1.0,,False,2026-01-11T16:16:04.042Z
12 Number Building,Apartment building,"WG22+W3P KUET, Khulna 9203, Bangladesh",,,22.902293,89.5000052,5.0,1.0,,False,2026-01-11T16:16:06.298Z
Moktar's Building,Apartment building,"House 24/24, Akankha Tower, Pratapaditto Rd, Khulna 9202, Bangladesh",,,22.8693605,89.5257835,,,,False,2026-01-11T16:16:05.562Z
Bidhaok Mondal,Apartment building,"VFCJ+C7, Khulna, Bangladesh",Khulna,Arongghata,22.8710523,89.4807355,,,,False,2026-01-11T16:16:07.289Z
জ্যোতির্ময় মালী,Apartment building,"VF4R+JR6, Khulna City Bypass, Khulna, Bangladesh",,,22.8565491,89.4920041,3.3,3.0,,False,2026-01-11T16:16:03.017Z
Nitus house,Apartment building,"VF6W+P92, Bangladesh",,,22.8617745,89.4958781,,,,False,2026-01-11T16:16:06.883Z
সোহান মল্লিক,Apartment building,"VF4R+3X Lata, Khulna, Bangladesh",,,22.8551077,89.4926075,,,,False,2026-01-11T16:16:07.731Z
UTPAL HOUSE,Apartment building,"VF9M+CC9, Bangladesh",,,22.8685317,89.4836027,,,,False,2026-01-11T16:16:08.502Z
Joy Building,Apartment building,"VF4R+JR6, Khulna City Bypass, Khulna, Bangladesh",Khulna,Arongghata,22.8560562,89.4924087,5.0,1.0,+880 1957-144776,False,2026-01-11T16:16:08.859Z
আবির হাসান কফি হাউস,Coffee shop,"VGC2+W3P চেচুঁড়ী বকুলতলা, Khulna, Bangladesh",Khulna,Arongghata,22.8723313,89.5002027,,,,False,2026-01-11T16:16:10.389Z
RCC Building,Apartment building,"263 Bonik Para Rd, Khulna, Bangladesh",,,22.8666935,89.5227696,4.0,1.0,,False,2026-01-11T16:16:09.192Z
Rabbi tea store,Coffee shop,"VGH4+999, Kodomtola mor, Arongghata Rd, Khulna, Bangladesh",Khulna,Arongghata,22.8784133,89.5059883,,,,False,2026-01-11T16:16:11.610Z
আলামিন খান এর চায়ের দোকান,Coffee shop,"VFGX+7M2, Khulna, Bangladesh",Khulna,Arongghata,22.8756377,89.4991354,,,+880 1918-857871,False,2026-01-11T16:16:11.520Z
Wahida Electric,Electrical products wholesaler,"Bazar, Satkhira Rd, Khulna 9202, Bangladesh",Khulna,Arongghata,22.8719374,89.5043725,,,+880 1307-027022,False,2026-01-11T16:16:10.614Z
Department of Energy Science and Engineering,Academic department,"Block C - 2nd Floor, KUET, New Academic Building, Khulna 9203, Bangladesh",,,22.8993353,89.5013659,5.0,3.0,,False,2026-01-11T16:16:13.304Z
বেটার প্লেস,Gas shop,"42/1, 2 Cross Rd, Khulna 9100, Bangladesh",Khulna,Daulatpur,22.8779166,89.511977,,,,False,2026-01-11T16:16:13.268Z
Boithok Khana,Restaurant,"VFFR+WG4, Bypass, Khulna, Bangladesh",Khulna,Arongghata,22.8747715,89.4913164,5.0,1.0,,False,2026-01-11T16:15:55.013Z
Business Administration Building,Academic department,"VG8H+QMM, Govt, B.L. College Rd, Khulna, Bangladesh",,,22.8669741,89.5291858,4.0,2.0,,False,2026-01-11T16:16:17.172Z
"Administrative Building, KUET",Academic department,"WG22+6WG, আমতলা হতে ফুলবাড়ি, শেরপুর, Bangladesh",শেরপুর,Teligati,22.9005526,89.5023431,4.9,9.0,+880 41-774403,False,2026-01-11T16:16:15.967Z
Jeet Tea Stall,Coffee shop,"VFFR+2GX, Bangladesh",,Arongghata,22.8726224,89.4913695,4.7,6.0,,False,2026-01-11T16:16:13.459Z
Lalon Shah Hall New Residential Building,Apartment building,"VGX2+438, KUET Campus, Khulna, Bangladesh",,,22.8977961,89.5002048,5.0,3.0,,False,2026-01-11T16:16:09.478Z
রিয়াজ টি স্টল,Coffee shop,"VGJ2+HFF, Khulna, Bangladesh",Khulna,Shah Para,22.8814388,89.5011571,5.0,3.0,,False,2026-01-11T16:16:15.095Z
Department of Physics,Academic department,"VG9H+C3C, B.L. College Rd, Khulna, Bangladesh",Khulna,Daulatpur,22.8685619,89.5276338,5.0,6.0,+880 41-760821,False,2026-01-11T16:16:19.462Z
Arts Building,Academic department,"Kashipur B.L. College Rd, Khulna, Bangladesh",Khulna,Daulatpur,22.8665483,89.5291696,4.8,5.0,,False,2026-01-11T16:16:14.498Z
Dept. Of Geography and Environment,Academic department,"VG8J+G3C, Khulna, Bangladesh",Khulna,Daulatpur,22.8663031,89.5301373,4.8,11.0,+880 41-762944,False,2026-01-11T16:16:20.622Z
Department of Textile Engineering,Academic department,"New Academic Building Block 3, KUET Rd, Khulna 9203, Bangladesh",Khulna,Teligati,22.8990768,89.5013371,5.0,9.0,+880 41-769468,False,2026-01-11T16:16:23.031Z
Leather Engineering Department,Academic department,"KUET Rd, Khulna, Bangladesh",Khulna,Teligati,22.9001812,89.500973,4.4,14.0,,False,2026-01-11T16:16:16.592Z
Department of Electrical & Electronic Engineering,Academic department,"Electrical Engineering Building, Khulna 9203, Bangladesh",Khulna,Teligati,22.8997933,89.50293,4.2,61.0,+880 41-774782,False,2026-01-11T16:16:13.300Z
AD CRAFT,Bag shop,"VG92+RM9, Khulna, Bangladesh",Khulna,Daulatpur,22.869685,89.501887,,,,False,2026-01-11T16:16:26.008Z
Department of Electronics & Communication Engineering,Academic department,"KUET, New Academic Building Block 3, Ground and 1st Floor, Khulna 9203, Bangladesh",Khulna,Teligati,22.8989984,89.50129,4.3,14.0,+880 41-774021,False,2026-01-11T16:16:23.251Z
KUET Auditorium,Academic department,"KUET Auditorium, Khulna 9203, Bangladesh",Khulna,Teligati,22.8990471,89.5029652,4.7,33.0,+880 1308-090832,False,2026-01-11T16:16:15.636Z
"সরকারি ব্রজলাল কলেজ, রোভার স্কাউট গ্রুপ, খুলনা Govt. B.L. College, Rover",University,"VG8J+72Q, Khulna, Bangladesh",,,22.8657211,89.5301217,5.0,3.0,,False,2026-01-11T16:16:29.845Z
BAUST Khulna Permanent Campus,University,"6 No. Jogipol, Upazilla:, N 709, Union:, Khulna, Bangladesh",,,22.9042939,89.4831107,5.0,2.0,,False,2026-01-11T16:16:29.068Z
Department of Mechatronics Engineering,University,"WG22+769, Khulna 9203, Bangladesh",,,22.9003953,89.5006974,5.0,1.0,,False,2026-01-11T16:16:30.973Z
Department of Mechanical Engineering,Academic department,"WG22+5P6, Khulna 1122, Bangladesh",Khulna,Teligati,22.9004184,89.5017612,4.5,67.0,+880 41-774900,False,2026-01-11T16:16:20.619Z
"Department of Humanities and Business, KUET",Public university,"VGX2+JQW, Khulna, Bangladesh",Khulna,Khulna City,22.8991013,89.5019446,4.0,5.0,+880 1719-463903,False,2026-01-11T16:16:29.950Z
Department of Business Study,University,"VG8H+QJQ, B.L. College Rd, Khulna, Bangladesh",Khulna,Daulatpur,22.8669695,89.5291168,5.0,1.0,+880 41-760764,False,2026-01-11T16:16:33.594Z
বাংলা বিভাগ,University,"VG8H+R92, Khulna, Bangladesh",,,22.8670059,89.5284026,5.0,1.0,,False,2026-01-11T16:16:33.296Z
প্রণব চত্ত্বর।,University,"VG9G+Q9R, Khulna, Bangladesh",,,22.869481,89.5259051,5.0,1.0,,False,2026-01-11T16:16:33.988Z
Khulna Agricultural University (Temporary Boys' Hall),University,"VG86+HG2, Khulna, Bangladesh",,,22.8670649,89.5116405,,,,False,2026-01-11T16:16:37.136Z
Department of Management,University,"VG8H+PJV, Khulna, Bangladesh",,,22.8668719,89.5290604,,,,False,2026-01-11T16:16:33.852Z
Dhupu Butcher Shop,Butcher shop,"VGM8+8WM, Khulna - Jessore - Dhaka Hwy, Khulna, Bangladesh",Khulna,Maniktala,22.8833293,89.5173066,,,,False,2026-01-11T16:16:37.987Z
Department of Civil Engineering,Academic department,"Civil Engineering Building, KUET Rd, Khulna 9203, Bangladesh",Khulna,Teligati,22.9004147,89.502937,4.8,56.0,+880 41-769471,False,2026-01-11T16:16:24.124Z
Department of Computer Science and Engineering,Academic department,"New Academic Building, KUET, Block B, Khulna 9203, Bangladesh",Khulna,Teligati,22.8990573,89.5015396,4.6,35.0,+880 41-769471,False,2026-01-11T16:16:26.066Z
Jumman Meat Shop,Butcher shop,"VGCG+J34, Khulna - Jessore - Dhaka Hwy, Khulna, Bangladesh",Khulna,Daulatpur,22.8715234,89.5252102,5.0,1.0,,False,2026-01-11T16:16:40.335Z
Khulna Agricultural University Temporary Campus,University,"VG78+G7J, Khulna, Bangladesh",Khulna,Daulatpur,22.8638316,89.5156357,4.3,43.0,+880 1711-341261,False,2026-01-11T16:16:36.503Z
Monir Tea Shop,Coffee shop,"VGQ2+MRJ, মহেশেৱর পাশা মেইন রোড, Khulna, Bangladesh",Khulna,Munshi Para,22.8890936,89.5020891,,,,False,2026-01-11T16:16:40.480Z
BBA Building BL College,University,"VG8H+QMX BL College, B.L. College Rd, Khulna 9202, Bangladesh",,,22.8669859,89.529221,,,,False,2026-01-11T16:16:38.471Z
"Khulna Agricultural University, Temporary Campus-2",University,"Khulna, Bangladesh",,,22.8662981,89.5081056,3.2,6.0,,False,2026-01-11T16:16:37.279Z
Mamun Tech | Website Design & Digital Marketing Services | Khulna,Website designer,"Mortaja manson, Khulna 9100, Bangladesh",Khulna,Daulatpur,22.8634457,89.5167539,4.2,5.0,+880 1733-669486,False,2026-01-11T16:16:47.631Z
Sarkar Bari,Internet cafe,"VF4R+JR6, Khulna City Bypass, Khulna, Bangladesh",Khulna,Arongghata,22.855927,89.492074,5.0,1.0,,False,2026-01-11T16:16:46.627Z
Department of Industrial Engineering and Management,Academic department,"KUET, New Academic Building Block 4, Ground and 1st floor, Khulna 9203, Bangladesh",Khulna,Teligati,22.8990252,89.5010992,4.8,15.0,+880 41-287054,False,2026-01-11T16:16:23.179Z
Blur Web & Graphic Design,Design agency,"Holding No #139, Khulna 9203, Bangladesh",Khulna,Shah Para,22.8842288,89.5002643,,,+880 1358-130112,False,2026-01-11T16:16:48.210Z
BL College 2nd Gate,University,"VG8H+Q73, B.L. College Rd, Khulna, Bangladesh",Khulna,Daulatpur,22.8668907,89.5281763,4.1,26.0,,False,2026-01-11T16:16:32.351Z
জামিয়া ইসলামিয়া নূরে জান্নাত মহিলা মাদ্রাসা,Education center,"VFFW+8M6, Khulna, Bangladesh",,,22.8732835,89.4966261,,,,False,2026-01-11T16:16:50.304Z
Scholars Academy,Education center,"VFCX+Q6G, Khulna, Bangladesh",Khulna,Arongghata,22.8719261,89.498082,,,+880 1912-905717,False,2026-01-11T16:16:51.991Z
Khulna University of Engineering & Technology,Public university,"Khulna 9203, Bangladesh",Khulna,Teligati,22.9005524,89.5023565,4.6,3057.0,,False,2026-01-11T16:16:37.214Z
JIT'S ICT SOLUTION,Education center,"VFJG+X3, Khulna, Bangladesh",Khulna,,22.8824712,89.4751856,5.0,1.0,+880 1918-787867,False,2026-01-11T16:16:52.856Z
Lalan Shah Hall Canteen,Cafeteria,"Lalan Shah Hall, Khulna, Bangladesh",,,22.8983262,89.5006877,3.9,40.0,,False,2026-01-11T16:16:47.456Z
তুফাজ উল উলুম প্রি-ক্যাডেট মাদ্রাসা,Education center,"VFFX+63X, Khulna, Bangladesh",,,22.8731049,89.4977282,,,,False,2026-01-11T16:16:52.017Z
Adult education center,Adult education school,"VG7J+M2W, B.L. College Rd, Khulna, Bangladesh",,,22.8642435,89.5300636,,,,False,2026-01-11T16:16:51.646Z
Deana North National Club,Club,"VG98+CVF, Deana North School Road, Khulna, Bangladesh",,,22.8685601,89.5171772,,,,False,2026-01-11T16:16:54.592Z
Designify Digital | Graphic Designer | Digital Marketing,Graphic designer,"Khulna 9202, Bangladesh",Khulna,Daulatpur,22.868893,89.5213862,5.0,11.0,+880 1724-267611,False,2026-01-11T16:16:47.794Z
Jobu Gosti Club/ Laibary,Club,"VGQ3+9Q9, Road, Khulna, Bangladesh",,,22.8884233,89.5044763,,,,False,2026-01-11T16:16:54.065Z
URP building,Academic department,"VGX2+VF7, KUET Rd, Khulna 9203, Bangladesh",Khulna,Teligati,22.8996527,89.5011869,5.0,8.0,,False,2026-01-11T16:16:23.856Z
Cafe D KUET Street,Restaurant,"KUET Rd, Khulna 9203, Bangladesh",Khulna,Teligati,22.8976423,89.5071349,4.1,76.0,+880 1996-176252,False,2026-01-11T16:16:47.063Z
একুশে ক্যান্টিন,Cafeteria,"VGX2+8FQ, Khulna, Bangladesh",Khulna,Teligati,22.8983269,89.5012228,3.5,167.0,,False,2026-01-11T16:16:49.567Z
C&B Sports Club,Athletic club,"VGP9+C4G, Khulna - Jessore - Dhaka Hwy, Khulna, Bangladesh",Khulna,Mirerdanga,22.8861713,89.5178314,5.0,2.0,+880 1604-611400,False,2026-01-11T16:16:58.347Z
Sugandhi Rose Club,Sports club,"VGHP+442, Bangladesh",,,22.8777549,89.5352597,5.0,1.0,,False,2026-01-11T16:16:56.581Z
Shalua Purnachandra Secondary School,General education school,"VF9J+XJJ, Old Satkhira Rd, Bangladesh",,Arongghata,22.8699503,89.4815135,,,+880 1721-054297,False,2026-01-11T16:16:51.954Z
Daulatpur Club,Club,"VGFF+Q4V, Khulna - Jessore - Dhaka Hwy, Khulna, Bangladesh",,,22.8744876,89.5228052,3.5,4.0,,False,2026-01-11T16:16:58.227Z
Club er more,Sports club,"VFQV+VVQ, Poschimpara club er more, Khulna, Bangladesh",,,22.8897191,89.4947426,,,,False,2026-01-11T16:16:58.119Z
JB HomeMade,Cafe,"VG7J+37F, Khulna, Bangladesh",Khulna,Daulatpur,22.862692,89.530682,5.0,10.0,,False,2026-01-11T16:16:59.714Z
jibonMukhi private club LTD,Sports club,"VGC4+RVX, Khulna, Bangladesh",Khulna,Daulatpur,22.8721136,89.5072189,4.8,5.0,+880 1971-484609,False,2026-01-11T16:16:59.382Z
Govt. BL College Debating Club,Club,"VG9H+97J, Khulna, Bangladesh",Khulna,Daulatpur,22.8684702,89.5281324,5.0,1.0,,False,2026-01-11T16:16:59.063Z
বঙ্গপ্রদীপ Legends' Club,Club,"VGX5+34W, KUET Rd, Khulna, Bangladesh",Khulna,Teligati,22.8977283,89.5078329,5.0,2.0,+880 1611-520521,False,2026-01-11T16:17:01.745Z
Rangpur youth club,Sports club,"VFR6+5QV, রংপুর ঠাকুরাণী তলা, ডুমুরিয়া, খুলনা, 9253, Bangladesh",,,22.8904928,89.4619247,4.4,11.0,,False,2026-01-11T16:16:59.317Z
Pradeep tea point,Coffee shop,"Old Satkhira Rd, Bangladesh",,Arongghata,22.8687659,89.4811277,5.0,1.0,,False,2026-01-11T16:17:03.000Z
ফুয়াদ কাফে,Cafe,"Arongghata High School, Satkhira Rd, Khulna, Bangladesh",Khulna,Arongghata,22.8728625,89.499984,4.6,5.0,,False,2026-01-11T16:17:01.310Z
সাধন ষ্টোর,Coffee shop,"VF9J+F9W, Old Satkhira Rd, Bangladesh",,Arongghata,22.8687406,89.480944,4.3,18.0,+880 1907-048443,False,2026-01-11T16:17:01.596Z
Psycology & Geograpy Department,University,"VG8J+H3G, Khulna, Bangladesh",,,22.8664323,89.5302077,5.0,2.0,,False,2026-01-11T16:16:38.124Z
Digholia YMA Club,Club,"VGVC+HQ8, Digholia, Bangladesh",,,22.8939195,89.5219686,5.0,1.0,,False,2026-01-11T16:16:59.249Z
Deana Azizul Memorial Club,Sports club,"Khulna, Bangladesh",Khulna,Daulatpur,22.8600175,89.5141396,4.1,13.0,+880 1905-955609,False,2026-01-11T16:16:57.175Z
yoga foundation world,Foundation,"VG7H+2W7, Khulna 9000, Bangladesh",,,22.8625393,89.5298111,5.0,1.0,,False,2026-01-11T16:17:06.973Z
KUET Cafeteria,Restaurant,"KUET Rd, Khulna 9203, Bangladesh",Khulna,Teligati,22.8981877,89.5030345,4.1,312.0,,False,2026-01-11T16:16:49.990Z
Akhi Vila,Garden,"VG68+7P6, Khulna, Bangladesh",Khulna,Daulatpur,22.860593,89.516632,4.0,1.0,,False,2026-01-11T16:17:07.464Z
Saad Tuba 🏡,Garden,"VG77+6RF, Khulna, Bangladesh",Khulna,Daulatpur,22.8630439,89.5145798,5.0,1.0,,False,2026-01-11T16:17:08.053Z
Golam rahman property,Garden,"VG9C+VCJ Horintana, Khulna, Bangladesh",Khulna,Daulatpur,22.8697026,89.521018,5.0,1.0,,False,2026-01-11T16:17:08.928Z
Ajju Gym,Gym,"VGFF+RPW, Khulna - Jessore - Dhaka Hwy, Khulna, Bangladesh",Khulna,Daulatpur,22.8746074,89.524343,3.5,2.0,,False,2026-01-11T16:17:09.688Z
নাইচ জেন্টস পার্লার,Gym,"VG8G+JC5, Daulatpur, Bangladesh",Daulatpur,Daulatpur,22.8665002,89.5261204,5.0,5.0,+880 1911-295412,False,2026-01-11T16:17:09.742Z
Ansari Foundation,Foundation,"VG4C+55J, Daulatpur, Bangladesh",,,22.8554611,89.5203933,4.2,13.0,,False,2026-01-11T16:17:07.309Z
Young Star Gymnasium,Gym,"VG9G+V9P, Khulna - Jessore - Dhaka Hwy, Khulna, Bangladesh",Khulna,Daulatpur,22.8697219,89.5259545,3.7,15.0,,False,2026-01-11T16:17:09.427Z
কলেজ গেট,Garden,"VG88+574, Khulna, Bangladesh",Khulna,Daulatpur,22.8646725,89.5160845,4.5,4.0,,False,2026-01-11T16:17:08.297Z
জমিদার টি স্টল,Coffee shop,"VF9J+G6M, Bangladesh",,Arongghata,22.8692619,89.4807781,5.0,3.0,,False,2026-01-11T16:17:04.442Z
Talukdar Bari,Apartment building,"VGCR+H8M, Senhati to Miapara Rd, Bangladesh",,,22.8714507,89.5407917,,,,False,2026-01-11T16:17:10.810Z
Aziz vila,Apartment building,"VGHP+7RP, Bangladesh",,,22.8782039,89.537072,,,,False,2026-01-11T16:17:12.003Z
ফরমায়েশ খানা বটতলা,Apartment building,"VGGP+843 ফরমায়েশ খানা, Bangladesh",,,22.8757699,89.535307,,,,False,2026-01-11T16:17:10.488Z
CHIRANJIT HOME 🕉️,Apartment building,"VGJV+9RG, Bangladesh",,,22.8809319,89.5445713,,,+880 1319-771981,False,2026-01-11T16:17:11.973Z
Aniks Home,Apartment building,"VGCR+GQG, Senhati, Miahpara, Bangladesh",,,22.8713069,89.5419592,,,,False,2026-01-11T16:17:12.831Z
গাজী ডিপার্টমেন্টাল ষ্টোর এন্ড জি ক্যাফেটেএরিয়া,Cafe,"বাইপাস সড়ক মোড়, aronghata bypass, Khulna, Bangladesh",Khulna,Arongghata,22.8726585,89.49122,3.1,7.0,+880 1946-294702,False,2026-01-11T16:17:00.339Z
KUET Main Gate Complex,Technical university,"VGX4+5JJ, KUET Campus, Khulna, Bangladesh",Khulna,Teligati,22.8979543,89.5065158,4.7,30.0,,False,2026-01-11T16:16:39.164Z
সৈয়দ বাড়ি,Apartment building,"VGFR+9PF Lichutola, Road, Senhati, Bangladesh",,,22.873556,89.542273,,,,False,2026-01-11T16:17:13.694Z
Flower garden,Park,"73 B.L. College Rd, Khulna 9202, Bangladesh",Khulna,Daulatpur,22.8671623,89.5281595,5.0,2.0,,False,2026-01-11T16:17:08.190Z
Saleha stationery & Gift shop,Gift shop,"Khulna 9220, Bangladesh",Khulna,,22.8902031,89.5436426,,,,False,2026-01-11T16:17:11.666Z
Post Office,Post office,"VGCR+7XX, Bangladesh",,,22.870734,89.5424858,4.3,10.0,,False,2026-01-11T16:17:14.127Z
Gazi Bari,Apartment building,"VGFX+W99, Senhati, Bangladesh",,,22.8747922,89.5484758,,,,False,2026-01-11T16:17:14.507Z
Katha Enterprise,Stationery store,"Bazar, Digholia 9202, Bangladesh",Digholia,,22.8705715,89.5400669,,,+880 1913-726464,False,2026-01-11T16:17:13.244Z
Masum misuk home তৌহিদুল,Apartment building,"VGHW+8CP, Senhati, Bangladesh",,,22.87834,89.546066,5.0,1.0,,False,2026-01-11T16:17:15.550Z
আসলাম হোম অ্যান্ড খামার,Apartment building,"VGGR+3GQ, Khulna, Bangladesh",,,22.8752139,89.5413548,,,,False,2026-01-11T16:17:15.241Z
Naimur's Home,Apartment building,"VGCR+GQG, Senhati, Bangladesh",,,22.8713069,89.5419592,,,,False,2026-01-11T16:17:14.391Z
KUET GYM,Gym,"SWC, KUET Rd, Khulna 9203, Bangladesh",Khulna,Teligati,22.8978438,89.5031312,3.9,7.0,,False,2026-01-11T16:17:09.915Z
Youth Body Builders Club,Gym,"VGM5+JHW, Kadarnath Rd, Khulna, Bangladesh",Khulna,Daulatpur,22.8841027,89.5089398,4.2,19.0,+880 1970-018531,False,2026-01-11T16:17:17.623Z
ক্ষণিক আশ্রয়,Apartment building,"VGFW+QM7, Senhati, Bangladesh",,,22.874549,89.546637,,,,False,2026-01-11T16:17:16.578Z
সমাজকর্ম বিভাগ,Department of Social Services,"VG8H+X82 Govt. Brajalal College, Khulna, Bangladesh",,,22.8673915,89.5282685,5.0,1.0,,False,2026-01-11T16:17:19.165Z
Alljobs - Bangladesh Government & Private job portal by teletalk (Khulna),Government office,"VG6J+WCM Teletalk Khulna Service, Khulna, Bangladesh",,,22.8623322,89.5310511,,,,False,2026-01-11T16:17:18.666Z
MB Tech ( IT Solutions ),Computer support and services,"Senhati Main Road, Senhati 9222, Bangladesh",Senhati,,22.8733995,89.5430149,5.0,4.0,+880 1994-739851,False,2026-01-11T16:17:17.721Z
Trust Take Computer,Computer support and services,"east, 9222, Bangladesh",,,22.8713069,89.5419592,,,+880 1943-753878,False,2026-01-11T16:17:17.840Z
B. L. College Gymesiam,Gym,"VG9J+62G, B.L. College Rd, Khulna, Bangladesh",Khulna,Daulatpur,22.8680687,89.5300715,4.8,13.0,+880 41-762944,False,2026-01-11T16:17:17.158Z
Kotkoti's home,Government office,"VFJG+MGR, Bangladesh",,,22.8817392,89.4762724,,,,False,2026-01-11T16:17:19.609Z
Bondhu Variety Shop,Gift shop,"VGCR+CPQ Bazar, Senhati 9100, Bangladesh",Senhati,,22.8710784,89.5418471,,,+880 1929-622534,False,2026-01-11T16:17:18.591Z
আজাহার নার্সারি।,Garden,"Ajahar Nursery Arongghata, Khulna 9202, Bangladesh",Khulna,Daulatpur,22.8755695,89.5045758,5.0,1.0,+880 1911-886070,False,2026-01-11T16:17:20.143Z
"Government duck farm Khulna, Doulatpur",Government office,"VG6J+W3X, Khulna, Bangladesh",Khulna,Daulatpur,22.8623642,89.5302429,,,+880 1670-702447,False,2026-01-11T16:17:19.559Z
লাবলু'র সখের বাগান,Garden,"VG72+77H, Khulna City Bypass, Khulna, Bangladesh",Khulna,Arongghata,22.8631758,89.5007336,3.8,4.0,+880 1711-787090,False,2026-01-11T16:17:19.285Z
Amir hamja,Apartment building,"VGX4+XJ4, Khulna 9203, Bangladesh",Khulna,Teligati,22.8998622,89.5058862,,,+880 1307-024121,False,2026-01-11T16:17:23.969Z
Gogel Gym,Gym,"VGH4+4P3, Khulna, Bangladesh",Khulna,Arongghata,22.8777604,89.5067882,,,,False,2026-01-11T16:17:20.516Z
FITNESS HUB,Gym,"Dhaka-Khulna Hwy , Old Jessore Road, Khulna, Beside BK Primary School & Visible from Khula-Jashore High-way,, Fulbariget, Khulna, Khulna 9206, Bangladesh",Khulna,Teligati,22.8957454,89.5100889,4.5,17.0,+880 1672-845355,False,2026-01-11T16:17:18.086Z
Boro Bari,Apartment building,"WG69+GWP, Khulna, Bangladesh",,,22.9114547,89.5203097,,,,False,2026-01-11T16:17:25.384Z
Jogipol 7No word Jolil Sorok,Apartment building,"WG54+XR3, Khulna, Bangladesh",,,22.9098782,89.5070573,,,,False,2026-01-11T16:17:25.653Z
Jahan Manjil,Cafeteria,"Mattamdanga, Jahanabad Cant. Khan Jahan Ali Khulna, 9205, Bangladesh",,,22.9301799,89.4938185,3.7,3.0,,False,2026-01-11T16:17:24.628Z
দাউদের মাঠ নদীর পাড়,Garden,"VGV8+PXF, Mirer Danga B.F.I.D.C Rd, Khulna, Bangladesh",Khulna,Mirerdanga,22.8943148,89.51743,4.5,4.0,,False,2026-01-11T16:17:09.684Z
Surmi Vhilla,Apartment building,"WG22+6WH KUET, Khulna, Bangladesh",,,22.9005524,89.5023565,,,,False,2026-01-11T16:17:25.672Z
Commerce Departments,Academic department,"কমার্স বিল্ডিং, B.L. College Rd, Khulna, Bangladesh",Khulna,Daulatpur,22.8669349,89.529232,5.0,2.0,+880 41-762944,False,2026-01-11T16:17:24.187Z
Gazi vila,Apartment building,"WG62+X9R, Hafizia Madrasha Rd, Koiya, Bangladesh",,,22.9124923,89.5008875,,,,False,2026-01-11T16:17:25.789Z
AK Heaven,Apartment building,"WG26+HV2, Khulna, Bangladesh",Khulna,Mirerdanga,22.9013771,89.5121528,,,+880 1796-761445,False,2026-01-11T16:17:26.941Z
Hasan Dewan,Apartment building,"WG43+WGX, Jogipol Rd, Khulna, Bangladesh",,,22.9085021,89.5039212,,,,False,2026-01-11T16:17:26.814Z
ভাই ভাই চটপটি ফুচকা হাউজ,Fast food restaurant,"Fulbari Gate Bus Station, Khulna - Jessore - Dhaka Hwy, Khulna, Bangladesh",Khulna,Mirerdanga,22.8981822,89.5102992,3.0,1.0,+880 1842-211222,False,2026-01-11T16:17:29.047Z
"Department of Architecture, KUET",University,"VGX2+VC6, KUET Rd, Khulna 9203, Bangladesh",,,22.8996583,89.5010119,,,,False,2026-01-11T16:17:28.466Z
Anime Club,Club,"Gilatala Madrasha Rd, Khulna 9205, Bangladesh",Khulna,Gilatala,22.9210021,89.5118984,,,+880 1767-337758,False,2026-01-11T16:17:30.486Z
সেনপাড়া বয়েজ ক্লাব (SBC),Sports club,"VGV7+7JP, Khulna 9202, Bangladesh",,,22.8932069,89.5140659,,,,False,2026-01-11T16:17:29.550Z
সিঙ্গারা ফ্যাক্টরি,Fast food restaurant,"VGX6+F27, N7, Khulna, Bangladesh",Khulna,Mirerdanga,22.8986633,89.5100376,,,+880 1707-073977,False,2026-01-11T16:17:29.611Z
Friends jone,Sports club,"VGW6+G2J, Khulna, Bangladesh",,,22.896331,89.5100288,,,,False,2026-01-11T16:17:30.971Z
PentHouse(Fatema Tower),Apartment building,"WG73+799, Khulna, Bangladesh",Khulna,Gilatala,22.9131517,89.503481,,,+880 1615-438796,False,2026-01-11T16:17:27.803Z
ঘোষগাতী-মহেশ্বরপুর যুব সংঘ,Social club,"Barakpur, Bangladesh",Barakpur,,22.9115462,89.527373,,,+880 1911-155684,False,2026-01-11T16:17:31.223Z
মনোবিজ্ঞান বিভাগ - সরকারি বি.এল. কলেজ,Academic department,"VG8J+J3G, Khulna 9000, Bangladesh",Khulna,Daulatpur,22.8665678,89.5302074,5.0,1.0,+880 41-760779,False,2026-01-11T16:17:27.271Z
SWC Indoor Games Room,Sports club,"VGX3+657 KUET, Khulna 9203, Bangladesh",,,22.8985517,89.5033682,4.5,2.0,,False,2026-01-11T16:17:33.582Z
Gamer,Board game club,"Upzila Animal hospital, Khulna 9220, Bangladesh",Khulna,Debnagar,22.8870867,89.5353202,,,,False,2026-01-11T16:17:32.075Z
JATIYA TARUN SANGHA (Daulatpur-Khulna),Youth club,"VGV5+45F JATIYA TARUN SANGHA, Dighir Poschim par, Khulna 9203, Bangladesh",Khulna,Daulatpur,22.8927811,89.5079404,5.0,5.0,+880 1911-373916,False,2026-01-11T16:17:30.924Z
ছায়ানীড়,Apartment building,"WG43+2X6 Badamtola, Khulna, Bangladesh",,,22.9050498,89.5048895,,,,False,2026-01-11T16:17:35.037Z
Magnolia House,Apartment building,"22.902879720877557, 89.50712295829987, Khulna 9206, Bangladesh",Khulna,Mirerdanga,22.9029416,89.5071004,,,+880 1631-995451,False,2026-01-11T16:17:32.816Z
MD Mamun,Apartment building,"WG43+W95, Jogipol Rd, Khulna, Bangladesh",,,22.9072632,89.5034881,,,,False,2026-01-11T16:17:34.829Z
Julfikar Mollah,Apartment building,"WG73+6FP, Khulna, Bangladesh",,,22.9130998,89.5036928,,,,False,2026-01-11T16:17:35.574Z
খান ম্ন্জিল,Apartment building,"VGXC+HQM, Rd, Barakpur, Bangladesh",,,22.8987664,89.5216706,,,,False,2026-01-11T16:17:35.862Z
Mahua Banglow,Apartment building,"WG49+P52, Khulna, Bangladesh",,,22.9067689,89.5178823,,,,False,2026-01-11T16:17:36.148Z
Anowar house,Apartment building,"VGX7+CFV, Khulna, Bangladesh",,,22.8983096,89.5131566,,,,False,2026-01-11T16:17:34.908Z
Science Building,Academic department,"Science Building, Khulna 9203, Bangladesh",Khulna,Teligati,22.8998094,89.5020328,3.8,4.0,,False,2026-01-11T16:17:35.766Z
"Rokeya Hall Departmental Store, KUET",Fast food restaurant,"WG23+68R, Khulna, Bangladesh",Khulna,Teligati,22.9006152,89.503275,2.5,2.0,,False,2026-01-11T16:17:38.093Z
Home Of Peace,Apartment building,"WG33+63C, Khulna 9203, Bangladesh",Khulna,Teligati,22.9033636,89.5036523,,,+880 1790-040668,False,2026-01-11T16:17:36.734Z
মা মেডিকেল হল,Internet cafe,"WG58+6W3 কেবল ঘাট ্, Digholia, Bangladesh",,,22.9080088,89.5173016,,,,False,2026-01-11T16:17:35.244Z
Modina Hotel,Restaurant,"VGXC+HQM, Rd, Barakpur, Bangladesh",Barakpur,,22.8989686,89.5219429,5.0,1.0,,False,2026-01-11T16:17:40.373Z
Jubayer Monjil,Apartment building,"Fulbarigate Shaeed Minar, Khulna, Bangladesh",,,22.9029524,89.5076636,,,,False,2026-01-11T16:17:35.627Z
Azad stor,Coffee shop,"Hafizia Madrasha Rd, Khulna, Bangladesh",Khulna,Shiromoni,22.9124923,89.5008875,,,,False,2026-01-11T16:17:38.876Z
Employee Club,Club,"WG47+82G, Khulna 9206, Bangladesh",,,22.9058118,89.5125802,,,,False,2026-01-11T16:17:36.084Z
Shahid Tea Stall,Coffee shop,"VGX2+CWM KUET, Khulna 9203, Bangladesh",Khulna,Teligati,22.8985953,89.5023037,4.0,3.0,+880 1637-081249,False,2026-01-11T16:17:40.765Z
cofe house,Coffee shop,"WG43+PV3, Khulna, Bangladesh",Khulna,Mirerdanga,22.9067692,89.5046627,,,,False,2026-01-11T16:17:39.983Z
United Club,Night club,"VGMG+WG2 মোল্লা আবুল কাশেম সড়ক, Bangladesh",,Debnagar,22.8847744,89.5262711,3.0,6.0,,False,2026-01-11T16:17:32.198Z
"Food fun fuchka and chotpoti house, ফুড ফান ফুচকা এন্ড চটপটি হাউস",Fast food restaurant,"Fulbari Gate Bus Stand, Khulna - Jessore - Dhaka Hwy, Khulna, Bangladesh",Khulna,Mirerdanga,22.8983483,89.5099569,3.5,8.0,,False,2026-01-11T16:17:36.193Z
Battery Golli,Coffee shop,"WG7C+72Q, Barakpur, Bangladesh",Barakpur,,22.9132055,89.5201005,,,,False,2026-01-11T16:17:40.975Z
Jahid Enterprise,Building materials store,"VGX6+6GQ, Khulna, Bangladesh",Khulna,Mirerdanga,22.8980847,89.5113464,5.0,3.0,,False,2026-01-11T16:17:42.714Z
Biswas Bhaban,Apartment building,"WG57+749, Khulna, Bangladesh",,,22.9073182,89.5114794,,,,False,2026-01-11T16:17:42.404Z
Md. Imran Sheikh,Apartment building,"WG27+VP9, Khulna, Bangladesh",,,22.9021636,89.5143692,,,,False,2026-01-11T16:17:42.308Z
RIFAT HOME,Apartment building,"WG62+PG5, Hafizia Madrasha Rd, Khulna, Bangladesh",,,22.9117642,89.501369,,,,False,2026-01-11T16:17:42.855Z
বারাকপুর তরুন সংঘ-Barakpur Tarun Sangha,Sports club,"WG7F+H6W, Unnamed Road, Barakpur, Bangladesh",,,22.9139976,89.523063,5.0,2.0,,False,2026-01-11T16:17:41.431Z
Khulna khanjahan Ali Thana .jogipol .kodomtola citar pikur,Apartment building,"WG43+XF4, Khulna, Bangladesh",,,22.9073984,89.5036932,,,,False,2026-01-11T16:17:44.423Z
আবাসিক ১,Apartment building,"WG48+GCP, Bangladesh Cable Shilpa Limited (BCSL, 9206, Bangladesh",,,22.906336,89.5160822,,,,False,2026-01-11T16:17:43.452Z
Abduzl zabbar vaban,Apartment building,"WG34+33F, Khulna, Bangladesh",,,22.9027048,89.5050665,,,,False,2026-01-11T16:17:44.619Z
Biswas bari,Apartment building,"Khulna, Bangladesh",,,22.9062121,89.5225536,5.0,1.0,,False,2026-01-11T16:17:44.771Z
Bahar tea stall,Coffee shop,"WG3C+MHF, digholia sonalighat, Bangladesh",Digholia,,22.904181,89.5214144,4.5,2.0,,False,2026-01-11T16:17:45.695Z
Emon coffie shop,Coffee shop,"Khulna, Bangladesh",Khulna,Gilatala,22.915158,89.5126921,5.0,1.0,,False,2026-01-11T16:17:46.462Z
কিছুক্ষণ আবাস — আবিদুর রহমান 🏠,Apartment building,"WG32+XG3, Lota City bypass, Khulna, Bangladesh",,,22.9049572,89.5017808,,,,False,2026-01-11T16:17:44.596Z
Hotel Panchamukh,Asian restaurant,"VGX5+8WF, Khulna City Bypass, Khulna 9203, Bangladesh",Khulna,Mirerdanga,22.8983215,89.50981,4.2,11.0,+880 1943-214273,False,2026-01-11T16:17:40.388Z
Tamim store,Ice cream shop,"WG69+GWP, Khulna, Bangladesh",Khulna,,22.9110648,89.5204431,5.0,1.0,+880 1788-404736,False,2026-01-11T16:17:45.465Z
Bahar Store,Coffee shop,"WG6C+JW, Barakpur, Bangladesh",Barakpur,,22.9115168,89.5222969,5.0,1.0,+880 1764-530222,False,2026-01-11T16:17:46.516Z
Forhad Tea Stall,Coffee shop,"Khulna, Bangladesh",Khulna,Gilatala,22.913636,89.5044006,4.5,20.0,+880 1990-170729,False,2026-01-11T16:17:46.728Z
মামুন টি হাউস,Coffee shop,"VGXC+QWW, Digholia, Bangladesh",Digholia,,22.8994801,89.522329,4.5,2.0,+880 1920-236751,False,2026-01-11T16:17:48.174Z
Aminul's,Coffee shop,"1 KUET Rd, Khulna, Bangladesh",Khulna,Teligati,22.8970291,89.5050352,5.0,1.0,,False,2026-01-11T16:17:49.622Z
হোটেল চুকনগর,Restaurant,"WG73+6H9, Khulna - Jessore - Dhaka Hwy, Khulna, Bangladesh",Khulna,Gilatala,22.913026,89.5039969,4.1,53.0,,False,2026-01-11T16:17:41.674Z
মামা কফি হাউজ,Coffee shop,"VGX5+9WG, BSCIC Rd, Khulna 9204, Bangladesh",Khulna,Mirerdanga,22.8984292,89.5098257,4.5,2.0,,False,2026-01-11T16:17:49.683Z
আঃ খালেক স্টোর,Coffee shop,"WG34+J9X, Khulna, Bangladesh",Khulna,Mirerdanga,22.9041183,89.505983,5.0,2.0,,False,2026-01-11T16:17:49.288Z
খোকন ভাই এর চায়ের দোকান,Coffee shop,"VGX4+3R7, Khulna, Bangladesh",Khulna,Teligati,22.8976672,89.5070415,5.0,1.0,,False,2026-01-11T16:17:50.918Z
রাজ্জাক মামার দোকান,Coffee shop,"VGX4+5P9, KUET Rd, Khulna, Bangladesh",Khulna,Teligati,22.8979303,89.5067615,5.0,3.0,,False,2026-01-11T16:17:50.163Z
আরিফ টি স্টোল,Coffee shop,"VGX6+H5M, Ajax Jute Mill Rd, Khulna, Bangladesh",Khulna,Mirerdanga,22.8989529,89.5104296,5.0,1.0,,False,2026-01-11T16:17:50.617Z
Shimul Coffee House,Coffee shop,"VGX4+2HQ, KUET Rd, Khulna, Bangladesh",Khulna,Teligati,22.8975929,89.5064962,5.0,1.0,,False,2026-01-11T16:17:50.560Z
Olive & Western,Restaurant,"Dhaka-Jessore-Khulna Rd, Khulna, Bangladesh",Khulna,Mirerdanga,22.8998851,89.5096393,4.2,183.0,+880 1926-945906,False,2026-01-11T16:17:42.341Z
Vai Vai Tea Stall,Cafe,"Monohardi Bus Stand Jame Mosjid, Narsingdi Road, Daulatpur, Bangladesh",Daulatpur,Mirerdanga,22.8978127,89.5098972,4.7,3.0,,False,2026-01-11T16:17:52.120Z
COFFEE TIME,Coffee shop,"1 KUET Rd, Khulna 9203, Bangladesh",Khulna,Teligati,22.8975075,89.5049665,5.0,5.0,,False,2026-01-11T16:17:50.247Z
Md Rakibuzzaman's house,Apartment building,"WG46+WRW, Khulna, Bangladesh",,,22.9074051,89.5120732,5.0,1.0,,False,2026-01-11T16:17:48.919Z
Food Place Hawra Bakery,Cafe,"VGX6+22H, Khulna, Bangladesh",Khulna,Mirerdanga,22.8975689,89.5101083,5.0,2.0,+880 1912-189017,False,2026-01-11T16:17:50.815Z
BCSL Admin Building,Corporate office,"WG58+C5H, Khulna, Bangladesh",,,22.908574,89.5154717,4.5,2.0,,False,2026-01-11T16:17:53.134Z
Razzak Mamar Sangsad,Cafe,"VGX6+64R, ফুলবাড়িগেট আওয়ামীলীগ অফিসের ঠিক পাশে!, Khulna - Jessore - Dhaka Hwy, Khulna, Bangladesh",Khulna,Mirerdanga,22.8981154,89.5102636,4.3,7.0,+880 1924-222965,False,2026-01-11T16:17:49.974Z
Civil Extension Building,Education,"WG23+49W KUET, Khulna, Bangladesh",,,22.90036,89.5034594,5.0,1.0,,False,2026-01-11T16:17:53.798Z
Morshedul Amin Kochi,Apartment building,"201,KDA NIBIR R/A, FULBARIGATE, Khulna 9206, Bangladesh",,,22.9032237,89.5116798,4.0,1.0,+880 1720-300980,False,2026-01-11T16:17:52.769Z
Gazi cottage,Apartment building,"01 Gazi Bari Rd, Barakpur 9223, Bangladesh",,,22.9158626,89.5232852,5.0,2.0,,False,2026-01-11T16:17:55.181Z
হোটেল চুইঝাল,Restaurant,"WG55+542, Dhaka - Khulna Hwy, Khulna, Bangladesh",Khulna,Mirerdanga,22.907894,89.5077783,4.2,12.0,,False,2026-01-11T16:17:42.847Z
YuNuS,Apartment building,"WG26+3QV, Khulna, Bangladesh",,,22.9005723,89.5120482,5.0,1.0,,False,2026-01-11T16:17:53.055Z
সাদমান শাহর মাজার,Apartment building,"VGW3+HMR, KUET Rd, Khulna, Bangladesh",,,22.8975929,89.5064962,,,,False,2026-01-11T16:17:55.456Z
Gazi House,Apartment building,"Barakpur, Bangladesh",,,22.9146588,89.5258662,5.0,4.0,,False,2026-01-11T16:17:57.079Z
GREEN VIEW CAFETERIA,Cafeteria,"WGC3+X4W, Khulna, Bangladesh",,,22.9224999,89.502835,,,,False,2026-01-11T16:17:55.418Z
Photoshop Services,Graphic designer,"House No- L/48, Road No-163,, Old Colony, Khalishpur, Khulna, PO :, 9000, Bangladesh",Khulna,Daulatpur,22.8625393,89.5298111,4.9,247.0,+880 1629-637132,False,2026-01-11T16:17:20.817Z
Kanika Palace,Apartment building,"WG2F+GGW, Digholia, Bangladesh",,,22.9019981,89.523153,,,,False,2026-01-11T16:17:53.098Z
Bangladesh Army University of Science and Technology Khulna,Private university,"Upazilla:, Nurjahan Tower, Shiromoni, Plot 8 & 9 Union: Atra, Phultala 9204, Bangladesh",Phultala,Gilatala,22.9182327,89.5014068,4.3,18.0,+880 1769-564537,False,2026-01-11T16:17:54.531Z
Milon Vai's Cafe,Cafe,"VGX5+6X8, Khulna, Bangladesh",Khulna,Mirerdanga,22.8980297,89.5099485,4.4,25.0,,False,2026-01-11T16:17:50.682Z
Panda's Home,Apartment building,"WG34+5R5, Khulna, Bangladesh",,,22.9028932,89.5071139,,,,False,2026-01-11T16:17:56.226Z
Sheikh Belal House,Apartment building,"VGX4+XJ4, Khulna 9203, Bangladesh",Khulna,Teligati,22.9002094,89.506994,,,+966 50 032 6403,False,2026-01-11T16:17:56.923Z
SULTANA APARTMENT,Apartment building,"WG43+V7M, Jogipol Rd, Khulna, Bangladesh",,,22.907318,89.502627,5.0,1.0,,False,2026-01-11T16:17:55.230Z
Mathematics Department,University,"VG8H+R92, Khulna, Bangladesh",Khulna,Daulatpur,22.8669553,89.5284351,5.0,2.0,,False,2026-01-11T16:17:55.588Z
Berak 1,Apartment building,"WG66+7FW, Khulna, Bangladesh",,,22.9107374,89.5111991,,,,False,2026-01-11T16:17:58.117Z
Coffee Cats,Cafe,"VGX5+335, KUET Rd, Khulna, Bangladesh",Khulna,Teligati,22.8976311,89.5077226,3.8,28.0,+880 1925-424411,False,2026-01-11T16:17:45.625Z
"201,KDA NIBIR RESIDENTIAL AREA,",Apartment building,"WG36+7M7, Khulna, Bangladesh",,,22.903172,89.5116834,,,,False,2026-01-11T16:17:57.696Z
New Fox House,Apartment building,"KUET, Fulbarigate Shaeed Minar, Khulna - Jessore - Dhaka Hwy, Khulna, Bangladesh",,,22.8979015,89.5102007,5.0,1.0,,False,2026-01-11T16:17:59.757Z
heaven Place🏤,Apartment building,"WG6F+FRR, Barakpur, Bangladesh",,,22.9112399,89.5245108,,,,False,2026-01-11T16:17:58.358Z
Jhokonir (max) Flat,Apartment building,"VGX5+367, Khulna, Bangladesh",,,22.897803,89.5080839,5.0,2.0,,False,2026-01-11T16:18:00.082Z
খান বাড়ি (শহিদ /মতি /ওয়াহিদ (,Apartment building,"VGXG+52R, Digholia, Bangladesh",,,22.897981,89.5250249,,,,False,2026-01-11T16:17:59.198Z
আমান ম্যানশন,Apartment building,"WG46+4PG, Khulna, Bangladesh",,,22.9053607,89.5118568,,,,False,2026-01-11T16:17:58.518Z
Sazzad Shihab Xudlingpong,Apartment building,"VGX2+9V7, Khulna 9203, Bangladesh",,,22.8982092,89.5025867,5.0,1.0,,False,2026-01-11T16:17:56.274Z
জাত ছোটলোক,Apartment building,"WG34+WMP, Khulna, Bangladesh",,,22.9048278,89.5067123,1.0,1.0,,False,2026-01-11T16:18:00.554Z
ISM Home,Apartment building,"VGX5+G99, Khulna - Jessore - Dhaka Hwy, Khulna, Bangladesh",,,22.8983528,89.5083508,,,,False,2026-01-11T16:17:58.824Z
Nilachol- The Engineer's Arena,Apartment building,"VGX6+F3M, Khulna, Bangladesh",,,22.898707,89.510186,,,,False,2026-01-11T16:17:59.688Z
Habiba,Apartment building,"VGXC+HQP সেহাটি মদিনা সরজিদ, Digholia, Bangladesh",,,22.8989686,89.5219429,,,,False,2026-01-11T16:17:58.660Z
Sopnonir Building,Apartment building,"VGX4+5W4, KUET Main Rd, Khulna, Bangladesh",,,22.8978847,89.5073334,,,,False,2026-01-11T16:18:00.084Z
"Government Brajalal College, Khulna",College,"Kashipur, B.L. College Rd, Khulna, Bangladesh",Khulna,Daulatpur,22.8676902,89.5292425,4.6,1153.0,+880 1951-691635,False,2026-01-11T16:17:54.978Z
Protiva Jubo Sangha,Club,"Khulna, Bangladesh",Khulna,Shiromoni,22.9113519,89.5015118,3.0,2.0,+880 1628-620168,False,2026-01-11T16:17:38.396Z
Sami's Biology,Education center,"VGW2+MR4, Khulna, Bangladesh",Khulna,Teligati,22.8966325,89.5020861,5.0,2.0,,False,2026-01-11T16:18:04.199Z
JULIA HOUSE,Apartment building,"WG33+63C, Khulna 9203, Bangladesh",,,22.9032635,89.5036307,,,,False,2026-01-11T16:18:01.193Z
"Khalishpur, Lal Hospital",General hospital,"VG7H+2W7, Khulna, Bangladesh",Khulna,Daulatpur,22.8625392,89.529811,,,,False,2026-01-11T16:18:05.405Z
Razu store,Adult entertainment store,"WG86+WQ8, Gilatala Paul Para Rd, Khulna, Bangladesh",Khulna,Gilatala,22.9172769,89.5119637,5.0,1.0,+880 1845-546934,False,2026-01-11T16:18:06.613Z
Changer Coaching center,Education center,"WG73+8F6, Khulna, Bangladesh",Khulna,Gilatala,22.9132857,89.5036428,3.0,2.0,+880 1920-978087,False,2026-01-11T16:18:05.344Z
"Hindu Marriage Registry Office, Dighalia.",Local government office,"VGXC+XQ2 Moral market, Digholia, Bangladesh",Digholia,,22.8998876,89.5218753,5.0,1.0,+880 1952-989598,False,2026-01-11T16:18:06.344Z
Fulbari Gate Town Sub Post Office,Post office,"WG35+H9Q, Khulna - Jessore - Dhaka Hwy, Khulna, Bangladesh",,,22.9039666,89.5084529,,,,False,2026-01-11T16:18:06.680Z
Laboratory School Playground,Playground,"VFXX+75Q, KUET Rd, Khulna, Bangladesh",Khulna,Teligati,22.8982033,89.4979887,,,,False,2026-01-11T16:18:06.520Z
Telecom Training Centres (TTC),Training center,"WG57+QXJ, Khulna, Bangladesh",Khulna,Mirerdanga,22.9094517,89.514888,4.3,3.0,,False,2026-01-11T16:18:06.572Z
"RRF barrack,Khulna.",Government office,"WG36+G24, Khulna, Bangladesh",Khulna,Mirerdanga,22.9037629,89.5100814,,,,False,2026-01-11T16:18:07.311Z
হালিমা স্টোর Halima Store,Cafe,"VGC7+W5F, Satkhira Rd, Khulna, Bangladesh",Khulna,Daulatpur,22.8723007,89.5129364,,,,False,2026-01-11T16:18:08.459Z
অস্থায়ী লোকেশন,Apartment building,"VGH5+Q4X, Khulna, Bangladesh",,,22.8795111,89.507735,5.0,1.0,,False,2026-01-11T16:18:09.322Z
BES Engr quarter Khulna Rupsha Khulna.,Apartment building,"VF9X+67, Khulna, Bangladesh",,,22.8680072,89.4981698,,,,False,2026-01-11T16:18:09.182Z
সুফিয়া কুটির,Apartment building,"VGH6+6X9 সুফিয়া কুটির। ২৫ পশ্চিম বানিয়া খামার ক্রস রোড। বসুপাড়া বাঁশতলা, Khulna, Bangladesh",,,22.8780372,89.5124931,,,,False,2026-01-11T16:18:09.124Z
Lavlu uncle house,Apartment building,"VGH6+6X9, Cross Rd, Khulna, Bangladesh",,,22.8780372,89.5124931,,,,False,2026-01-11T16:18:09.177Z
Cottage Garden.( warner-Rabiya Bagom),Apartment building,"VFCX+RPV, Satkhira Rd, Khulna, Bangladesh",,,22.8721155,89.4992963,,,,False,2026-01-11T16:18:10.311Z
আমির আলী,Apartment building,"VGH6+6X9 বয়রা, Cross Rd, Khulna, Bangladesh",,,22.8780372,89.5124931,,,,False,2026-01-11T16:18:09.856Z
